Workbook

Sheet IPC
B1: 44927 | C1: 44958 | D1: 44986 | E1: 45017 | F1: 45047 | G1: 45078 | H1: 45108 | I1: 45139 | J1: 45170 | K1: 45200 | L1: 45231 | M1: 45261 | N1: 45292 | O1: 45323 | P1: 45352 | Q1: 45383 | R1: 45413 | S1: 45444 | T1: 45474 | U1: 45505 | V1: 45536 | W1: 45566 | X1: 45597 | Y1: 45627 | Z1: 45658 | AA1: 45689 | AB1: 45717 | AC1: 45748 | AD1: 45778 | AE1: 45809 | AF1: 45839 | AG1: 45870 | AH1: 45901 | AI1: 45931 | AJ1: 45962 | AK1: 45992 | AL1: 46023 | AM1: 46054 | AN1: 46082 | AO1: 46113 | AP1: 46143 | AQ1: 46174 | AR1: 46204 | AS1: 46235 | AT1: 46266 | AU1: 46296 | AV1: 46327 | AW1: 46357
A2: Mensual Real | B2: 0.06 | C2: 0.066 | D2: 0.077 | E2: 0.084 | F2: 0.078 | G2: 0.06 | H2: 0.063 | I2: 0.124 | J2: 0.127 | K2: 0.083 | L2: 0.128 | M2: 0.255 | N2: 0.206 | O2: 0.132 | P2: 0.11 | Q2: 0.088 | R2: 0.042 | S2: 0.046 | T2: 0.04 | U2: 0.042 | V2: 0.035 | W2: 0.027 | X2: 0.024 | Y2: 0.027 | Z2: 0.0221 | AA2: 0.024 | AB2: 0.0373 | AC2: 0.0278 | AD2: 0.015 | AE2: 0.0162 | AF2: 0.019 | AG2: 0.0188 | AH2: 0.0208 | AI2: 0.0234 | AJ2: 0.025 | AK2: 0.02849 | AL2: 0.0288 | AM2: 0.029 | AN2: 0.034
A3: Interanual | N3: =+(1+N2)*(1+M2)*(1+L2)*(1+K2)*(1+J2)*(1+I2)*(1+H2)*(1+G2)*(1+F2)*(1+E2)*(1+D2)*(1+C2)-1 -> 2.5406166 | O3: =+(1+O2)*(1+N2)*(1+M2)*(1+L2)*(1+K2)*(1+J2)*(1+I2)*(1+H2)*(1+G2)*(1+F2)*(1+E2)*(1+D2)-1 -> 2.7598292 | P3: =+(1+P2)*(1+O2)*(1+N2)*(1+M2)*(1+L2)*(1+K2)*(1+J2)*(1+I2)*(1+H2)*(1+G2)*(1+F2)*(1+E2)-1 -> 2.8750329 | Q3: =+(1+Q2)*(1+P2)*(1+O2)*(1+N2)*(1+M2)*(1+L2)*(1+K2)*(1+J2)*(1+I2)*(1+H2)*(1+G2)*(1+F2)-1 -> 2.8893319 | R3: =+(1+R2)*(1+Q2)*(1+P2)*(1+O2)*(1+N2)*(1+M2)*(1+L2)*(1+K2)*(1+J2)*(1+I2)*(1+H2)*(1+G2)-1 -> 2.759447 | S3: =+(1+S2)*(1+R2)*(1+Q2)*(1+P2)*(1+O2)*(1+N2)*(1+M2)*(1+L2)*(1+K2)*(1+J2)*(1+I2)*(1+H2)-1 -> 2.7097939 | T3: =+(1+T2)*(1+S2)*(1+R2)*(1+Q2)*(1+P2)*(1+O2)*(1+N2)*(1+M2)*(1+L2)*(1+K2)*(1+J2)*(1+I2)-1 -> 2.6295256 | U3: =+(1+U2)*(1+T2)*(1+S2)*(1+R2)*(1+Q2)*(1+P2)*(1+O2)*(1+N2)*(1+M2)*(1+L2)*(1+K2)*(1+J2)-1 -> 2.3647381 | ... AN3: =+(1+AN2)*(1+AM2)*(1+AL2)*(1+AK2)*(1+AJ2)*(1+AI2)*(1+AH2)*(1+AG2)*(1+AF2)*(1+AE2)*(1+AD2)*(1+AC2)-1 -> 0.32676452
A4: Acumulado | N4: =+(1+N2)-1 -> 0.206 | O4: =+(1+N4)*(1+O2)-1 -> 0.365192 | P4: =+(1+O4)*(1+P2)-1 -> 0.51536312 | Q4: =+(1+P4)*(1+Q2)-1 -> 0.64871507 | R4: =+(1+Q4)*(1+R2)-1 -> 0.71796111 | S4: =+(1+R4)*(1+S2)-1 -> 0.79698732 | T4: =+(1+S4)*(1+T2)-1 -> 0.86886681 | U4: =+(1+T4)*(1+U2)-1 -> 0.94735922 | V4: =+(1+U4)*(1+V2)-1 -> 1.0155168 | ... Y4: =+(1+X4)*(1+Y2)-1 -> 1.1768438 | Z4: =+(1+Z2)-1 -> 0.0221 | AA4: =+(1+AA2)*(1+Z4)-1 -> 0.0466304 | AB4: =+(1+AB2)*(1+AA4)-1 -> 0.085669714 | AC4: =+(1+AC2)*(1+AB4)-1 -> 0.11585133 | AD4: =+(1+AD2)*(1+AC4)-1 -> 0.1325891 | AE4: =+(1+AE2)*(1+AD4)-1 -> 0.15093705 | AF4: =+(1+AF2)*(1+AE4)-1 -> 0.17280485 | AG4: =+(1+AG2)*(1+AF4)-1 -> 0.19485358 | AH4: =+(1+AH2)*(1+AG4)-1 -> 0.21970653 | ... AK4: =+(1+AK2)*(1+AJ4)-1 -> 0.3159055 | AL4: =+(1+AL2)-1 -> 0.0288 | AM4: =+(1+AM2)*(1+AL4)-1 -> 0.0586352 | AN4: =+(1+AN2)*(1+AM4)-1 -> 0.094628797
A5: Mensual Ppto | Z5: 0.024126714 | AA5: 0.021611877 | AB5: 0.024846058 | AC5: 0.022523599 | AD5: 0.021668763 | AE5: 0.020147784 | AF5: 0.016636783 | AG5: 0.016105419 | AH5: 0.014891019 | AI5: 0.014120352 | AJ5: 0.01351823 | AK5: 0.015359142 | AL5: 0.0224435 | AM5: 0.019854343 | AN5: 0.022566767 | AO5: 0.018508354 | AP5: 0.017400357 | AQ5: 0.01673434 | AR5: 0.016459824 | AS5: 0.016570618 | AT5: 0.016099734 | AU5: 0.01578537 | AV5: 0.014813699 | AW5: 0.01566679
A6: Interanual Ppto | Z6: =+(1+Z5)*(1+Y2)*(1+X2)*(1+W2)*(1+V2)*(1+U2)*(1+T2)*(1+S2)*(1+R2)*(1+Q2)*(1+P2)*(1+O2)-1 -> 0.84856042 | AA6: =+(1+AA5)*(1+Z5)*(1+Y2)*(1+X2)*(1+W2)*(1+V2)*(1+U2)*(1+T2)*(1+S2)*(1+R2)*(1+Q2)*(1+P2)-1 -> 0.66829619 | AB6: =+(1+AB5)*(1+AA5)*(1+Z5)*(1+Y2)*(1+X2)*(1+W2)*(1+V2)*(1+U2)*(1+T2)*(1+S2)*(1+R2)*(1+Q2)-1 -> 0.54031241 | AC6: =+(1+AC5)*(1+AB5)*(1+AA5)*(1+Z5)*(1+Y2)*(1+X2)*(1+W2)*(1+V2)*(1+U2)*(1+T2)*(1+S2)*(1+R2)-1 -> 0.44761561 | AD6: =+(1+AD5)*(1+AC5)*(1+AB5)*(1+AA5)*(1+Z5)*(1+Y2)*(1+X2)*(1+W2)*(1+V2)*(1+U2)*(1+T2)*(1+S2)-1 -> 0.41937011 | AE6: =+(1+AE5)*(1+AD5)*(1+AC5)*(1+AB5)*(1+AA5)*(1+Z5)*(1+Y2)*(1+X2)*(1+W2)*(1+V2)*(1+U2)*(1+T2)-1 -> 0.38428993 | AF6: =+(1+AF5)*(1+AE5)*(1+AD5)*(1+AC5)*(1+AB5)*(1+AA5)*(1+Z5)*(1+Y2)*(1+X2)*(1+W2)*(1+V2)*(1+U2)-1 -> 0.35319237 | AG6: =+(1+AG5)*(1+AF5)*(1+AE5)*(1+AD5)*(1+AC5)*(1+AB5)*(1+AA5)*(1+Z5)*(1+Y2)*(1+X2)*(1+W2)*(1+V2)-1 -> 0.31956439 | AH6: =+(1+AH5)*(1+AG5)*(1+AF5)*(1+AE5)*(1+AD5)*(1+AC5)*(1+AB5)*(1+AA5)*(1+Z5)*(1+Y2)*(1+X2)*(1+W2)-1 -> 0.29392662 | AI6: =+(1+AI5)*(1+AH5)*(1+AG5)*(1+AF5)*(1+AE5)*(1+AD5)*(1+AC5)*(1+AB5)*(1+AA5)*(1+Z5)*(1+Y2)*(1+X2)-1 -> 0.27769943 | AJ6: =+(1+AJ5)*(1+AI5)*(1+AH5)*(1+AG5)*(1+AF5)*(1+AE5)*(1+AD5)*(1+AC5)*(1+AB5)*(1+AA5)*(1+Z5)*(1+Y2)-1 -> 0.26462077 | AK6: =+(1+AK5)*(1+AJ5)*(1+AI5)*(1+AH5)*(1+AG5)*(1+AF5)*(1+AE5)*(1+AD5)*(1+AC5)*(1+AB5)*(1+AA5)*(1+Z5)-1 -> 0.25028652 | AL6: 0.306 | AM6: 0.3 | AN6: 0.282 | AO6: 0.27 | AP6: 0.273 | AQ6: 0.274 | AR6: 0.271 | AS6: 0.268 | AT6: 0.261 | AU6: 0.253 | AV6: 0.244 | AW6: 0.235
A7: Acumulado Ppto | Z7: 0.024126714 | AA7: 0.046260014 | AB7: 0.072255451 | AC7: 0.096406503 | AD7: 0.12016428 | AE7: 0.1427331 | AF7: 0.16174451 | AG7: 0.18045489 | AH7: 0.19803306 | AI7: 0.21494971 | AJ7: 0.23137368 | AK7: 0.25028652 | AL7: 0.0224435 | AM7: 0.042743444 | AN7: 0.066274793 | AO7: 0.086009784 | AP7: 0.10490674 | AQ7: 0.12339663 | AR7: 0.14188754 | AS7: 0.16080932 | AT7: 0.17949804 | AU7: 0.19811685 | AV7: 0.2158654 | AW7: 0.2349141
A8: valor real | B8: 100 | C8: =+B8*(1+C2) -> 106.6 | D8: =+C8*(1+D2) -> 114.8082 | E8: =+D8*(1+E2) -> 124.45209 | F8: =+E8*(1+F2) -> 134.15935 | G8: =+F8*(1+G2) -> 142.20891 | H8: =+G8*(1+H2) -> 151.16807 | I8: =+H8*(1+I2) -> 169.91292 | J8: =+I8*(1+J2) -> 191.49186 | ... AO8: =+AN8*(1+AO2) -> 920.55645
A9: valor presupuesto | B9: =+B8 -> 100 | C9: =+C8 -> 106.6 | D9: =+D8 -> 114.8082 | E9: =+E8 -> 124.45209 | F9: =+F8 -> 134.15935 | G9: =+G8 -> 142.20891 | H9: =+H8 -> 151.16807 | I9: =+I8 -> 169.91292 | ... Y9: =+Y8 -> 639.08534 | Z9: =+Y9*(1+Z5) -> 654.50437 | AA9: =+Z9*(1+AA5) -> 668.64944 | AB9: =+AA9*(1+AB5) -> 685.26274 | AC9: =+AB9*(1+AC5) -> 700.69732 | AD9: =+AC9*(1+AD5) -> 715.88056 | AE9: =+AD9*(1+AE5) -> 730.30397 | AF9: =+AE9*(1+AF5) -> 742.45388 | AG9: =+AF9*(1+AG5) -> 754.41141 | ... AO9: =+AN9*(1+AO5) -> 867.76503

Sheet Hoja1
B1: 44927 | C1: 44958 | D1: 44986 | E1: 45017 | F1: 45047 | G1: 45078 | H1: 45108 | I1: 45139 | J1: 45170 | K1: 45200 | L1: 45231 | M1: 45261 | N1: 45292 | O1: 45323 | P1: 45352 | Q1: 45383 | R1: 45413 | S1: 45444 | T1: 45474 | U1: 45505 | V1: 45536 | W1: 45566 | X1: 45597 | Y1: 45627 | Z1: 45658 | AA1: 45689 | AB1: 45717 | AC1: 45748 | AD1: 45778 | AE1: 45809 | AF1: 45839 | AG1: 45870 | AH1: 45901 | AI1: 45931 | AJ1: 45962 | AK1: 45992
A2: Mensual Real | B2: 0.06 | C2: 0.066 | D2: 0.077 | E2: 0.084 | F2: 0.078 | G2: 0.06 | H2: 0.063 | I2: 0.124 | J2: 0.127 | K2: 0.083 | L2: 0.128 | M2: 0.255 | N2: 0.206 | O2: 0.132 | P2: 0.11 | Q2: 0.088 | R2: 0.042 | S2: 0.046 | T2: 0.04 | U2: 0.042 | V2: 0.035 | W2: 0.027 | X2: 0.024 | Y2: 0.027 | Z2: 0.022 | AA2: 0.024 | AB2: =+IPC!AB2 -> 0.0373 | AC2: 0.028 | AD2: =+IPC!AD2 -> 0.015 | AE2: =+IPC!AE2 -> 0.0162 | AF2: =+IPC!AF2 -> 0.019 | AG2: =+IPC!AG2 -> 0.0188 | AH2: =+IPC!AH2 -> 0.0208 | AI2: =+IPC!AI2 -> 0.0234 | AJ2: =+IPC!AJ2 -> 0.025 | AK2: =+IPC!AK2 -> 0.02849
A3: Interanual | N3: =+(1+N2)*(1+M2)*(1+L2)*(1+K2)*(1+J2)*(1+I2)*(1+H2)*(1+G2)*(1+F2)*(1+E2)*(1+D2)*(1+C2)-1 -> 2.5406166 | O3: =+(1+O2)*(1+N2)*(1+M2)*(1+L2)*(1+K2)*(1+J2)*(1+I2)*(1+H2)*(1+G2)*(1+F2)*(1+E2)*(1+D2)-1 -> 2.7598292 | P3: =+(1+P2)*(1+O2)*(1+N2)*(1+M2)*(1+L2)*(1+K2)*(1+J2)*(1+I2)*(1+H2)*(1+G2)*(1+F2)*(1+E2)-1 -> 2.8750329 | Q3: =+(1+Q2)*(1+P2)*(1+O2)*(1+N2)*(1+M2)*(1+L2)*(1+K2)*(1+J2)*(1+I2)*(1+H2)*(1+G2)*(1+F2)-1 -> 2.8893319 | R3: =+(1+R2)*(1+Q2)*(1+P2)*(1+O2)*(1+N2)*(1+M2)*(1+L2)*(1+K2)*(1+J2)*(1+I2)*(1+H2)*(1+G2)-1 -> 2.759447 | S3: =+(1+S2)*(1+R2)*(1+Q2)*(1+P2)*(1+O2)*(1+N2)*(1+M2)*(1+L2)*(1+K2)*(1+J2)*(1+I2)*(1+H2)-1 -> 2.7097939 | T3: =+(1+T2)*(1+S2)*(1+R2)*(1+Q2)*(1+P2)*(1+O2)*(1+N2)*(1+M2)*(1+L2)*(1+K2)*(1+J2)*(1+I2)-1 -> 2.6295256 | U3: =+(1+U2)*(1+T2)*(1+S2)*(1+R2)*(1+Q2)*(1+P2)*(1+O2)*(1+N2)*(1+M2)*(1+L2)*(1+K2)*(1+J2)-1 -> 2.3647381 | ... AK3: =+(1+AK2)*(1+AJ2)*(1+AI2)*(1+AH2)*(1+AG2)*(1+AF2)*(1+AE2)*(1+AD2)*(1+AC2)*(1+AB2)*(1+AA2)*(1+Z2)-1 -> 0.31603279
A4: Acumulado | N4: =+(1+N2)-1 -> 0.206 | O4: =+(1+N4)*(1+O2)-1 -> 0.365192 | P4: =+(1+O4)*(1+P2)-1 -> 0.51536312 | Q4: =+(1+P4)*(1+Q2)-1 -> 0.64871507 | R4: =+(1+Q4)*(1+R2)-1 -> 0.71796111 | S4: =+(1+R4)*(1+S2)-1 -> 0.79698732 | T4: =+(1+S4)*(1+T2)-1 -> 0.86886681 | U4: =+(1+T4)*(1+U2)-1 -> 0.94735922 | V4: =+(1+U4)*(1+V2)-1 -> 1.0155168 | ... Y4: =+(1+X4)*(1+Y2)-1 -> 1.1768438 | Z4: =+(1+Z2)-1 -> 0.022 | AA4: =+(1+Z4)*(1+AA2)-1 -> 0.046528 | AB4: =+(1+AA4)*(1+AB2)-1 -> 0.085563494 | AC4: =+(1+AB4)*(1+AC2)-1 -> 0.11595927 | AD4: =+(1+AC4)*(1+AD2)-1 -> 0.13269866 | AE4: =+(1+AD4)*(1+AE2)-1 -> 0.15104838 | AF4: =+(1+AE4)*(1+AF2)-1 -> 0.1729183 | AG4: =+(1+AF4)*(1+AG2)-1 -> 0.19496916 | AH4: =+(1+AG4)*(1+AH2)-1 -> 0.21982452 | ... AK4: =+(1+AJ4)*(1+AK2)-1 -> 0.31603279
A5: Mensual Ppto | Z5: 0.024126714 | AA5: 0.021611877 | AB5: 0.024846058 | AC5: 0.022523599 | AD5: 0.021668763 | AE5: 0.020147784 | AF5: 0.016636783 | AG5: 0.016105419 | AH5: 0.014891019 | AI5: 0.014120352 | AJ5: 0.01351823 | AK5: 0.015359142
A6: Interanual Ppto | Z6: =+(1+Z5)*(1+Y2)*(1+X2)*(1+W2)*(1+V2)*(1+U2)*(1+T2)*(1+S2)*(1+R2)*(1+Q2)*(1+P2)*(1+O2)-1 -> 0.84856042 | AA6: =+(1+AA5)*(1+Z5)*(1+Y2)*(1+X2)*(1+W2)*(1+V2)*(1+U2)*(1+T2)*(1+S2)*(1+R2)*(1+Q2)*(1+P2)-1 -> 0.66829619 | AB6: =+(1+AB5)*(1+AA5)*(1+Z5)*(1+Y2)*(1+X2)*(1+W2)*(1+V2)*(1+U2)*(1+T2)*(1+S2)*(1+R2)*(1+Q2)-1 -> 0.54031241 | AC6: =+(1+AC5)*(1+AB5)*(1+AA5)*(1+Z5)*(1+Y2)*(1+X2)*(1+W2)*(1+V2)*(1+U2)*(1+T2)*(1+S2)*(1+R2)-1 -> 0.44761561 | AD6: =+(1+AD5)*(1+AC5)*(1+AB5)*(1+AA5)*(1+Z5)*(1+Y2)*(1+X2)*(1+W2)*(1+V2)*(1+U2)*(1+T2)*(1+S2)-1 -> 0.41937011 | AE6: =+(1+AE5)*(1+AD5)*(1+AC5)*(1+AB5)*(1+AA5)*(1+Z5)*(1+Y2)*(1+X2)*(1+W2)*(1+V2)*(1+U2)*(1+T2)-1 -> 0.38428993 | AF6: =+(1+AF5)*(1+AE5)*(1+AD5)*(1+AC5)*(1+AB5)*(1+AA5)*(1+Z5)*(1+Y2)*(1+X2)*(1+W2)*(1+V2)*(1+U2)-1 -> 0.35319237 | AG6: =+(1+AG5)*(1+AF5)*(1+AE5)*(1+AD5)*(1+AC5)*(1+AB5)*(1+AA5)*(1+Z5)*(1+Y2)*(1+X2)*(1+W2)*(1+V2)-1 -> 0.31956439 | AH6: =+(1+AH5)*(1+AG5)*(1+AF5)*(1+AE5)*(1+AD5)*(1+AC5)*(1+AB5)*(1+AA5)*(1+Z5)*(1+Y2)*(1+X2)*(1+W2)-1 -> 0.29392662 | AI6: =+(1+AI5)*(1+AH5)*(1+AG5)*(1+AF5)*(1+AE5)*(1+AD5)*(1+AC5)*(1+AB5)*(1+AA5)*(1+Z5)*(1+Y2)*(1+X2)-1 -> 0.27769943 | AJ6: =+(1+AJ5)*(1+AI5)*(1+AH5)*(1+AG5)*(1+AF5)*(1+AE5)*(1+AD5)*(1+AC5)*(1+AB5)*(1+AA5)*(1+Z5)*(1+Y2)-1 -> 0.26462077 | AK6: =+(1+AK5)*(1+AJ5)*(1+AI5)*(1+AH5)*(1+AG5)*(1+AF5)*(1+AE5)*(1+AD5)*(1+AC5)*(1+AB5)*(1+AA5)*(1+Z5)-1 -> 0.25028652
A7: Acumulado Ppto | Z7: 0.024126714 | AA7: 0.046260014 | AB7: 0.072255451 | AC7: 0.096406503 | AD7: 0.12016428 | AE7: 0.1427331 | AF7: 0.16174451 | AG7: 0.18045489 | AH7: 0.19803306 | AI7: 0.21494971 | AJ7: 0.23137368 | AK7: 0.25028652
A8: valor real | B8: 100 | C8: =+B8*(1+C2) -> 106.6 | D8: =+C8*(1+D2) -> 114.8082 | E8: =+D8*(1+E2) -> 124.45209 | F8: =+E8*(1+F2) -> 134.15935 | G8: =+F8*(1+G2) -> 142.20891 | H8: =+G8*(1+H2) -> 151.16807 | I8: =+H8*(1+I2) -> 169.91292 | J8: =+I8*(1+J2) -> 191.49186 | ... AK8: =+AJ8*(1+AK2) -> 841.05726
A9: valor presupuesto | B9: =+B8 -> 100 | C9: =+C8 -> 106.6 | D9: =+D8 -> 114.8082 | E9: =+E8 -> 124.45209 | F9: =+F8 -> 134.15935 | G9: =+G8 -> 142.20891 | H9: =+H8 -> 151.16807 | I9: =+I8 -> 169.91292 | ... Y9: =+Y8 -> 639.08534 | Z9: =+Y9*(1+Z5) -> 654.50437 | AA9: =+Z9*(1+AA5) -> 668.64944 | AB9: =+AA9*(1+AB5) -> 685.26274 | AC9: =+AB9*(1+AC5) -> 700.69732 | AD9: =+AC9*(1+AD5) -> 715.88056 | AE9: =+AD9*(1+AE5) -> 730.30397 | AF9: =+AE9*(1+AF5) -> 742.45388 | AG9: =+AF9*(1+AG5) -> 754.41141 | ... AK9: =+AJ9*(1+AK5) -> 799.03979

Sheet pautas_py
B1: 44197 | C1: 44228 | D1: 44256 | E1: 44287 | F1: 44317 | G1: 44348 | H1: 44378 | I1: 44409 | J1: 44440 | K1: 44470 | L1: 44501 | M1: 44531 | N1: 44562 | O1: 44593 | P1: 44621 | Q1: 44652 | R1: 44682 | S1: 44713 | T1: 44743 | U1: 44774 | V1: 44805 | W1: 44835 | X1: 44866 | Y1: 44896 | Z1: 44927 | AA1: 44958 | AB1: 44986 | AC1: 45017 | AD1: 45047 | AE1: 45078 | AF1: 45108 | AG1: 45139 | AH1: 45170 | AI1: 45200 | AJ1: 45231 | AK1: 45261 | AL1: 45292 | AM1: 45323 | AN1: 45352 | AO1: 45383 | AP1: 45413 | AQ1: 45444 | AR1: 45474 | AS1: 45505 | AT1: 45536 | AU1: 45566 | AV1: 45597 | AW1: 45627 | AX1: 45658 | AY1: 45689 | AZ1: 45717 | BA1: 45748 | BB1: 45778 | BC1: 45809 | BD1: 45839 | BE1: 45870 | BF1: 45901 | BG1: 45931 | BH1: 45962 | BI1: 45992 | BJ1: 46023 | BK1: 46054 | BL1: 46082 | BM1: 46113 | BN1: 46143 | BO1: 46174 | BP1: 46204 | BQ1: 46235 | BR1: 46266 | BS1: 46296 | BT1: 46327 | BU1: 46357 | BV1: 46388 | BW1: 46419 | BX1: 46447 | BY1: 46478 | BZ1: 46508 | CA1: 46539 | CB1: 46569 | CC1: 46600 | CD1: 46631 | CE1: 46661 | CF1: 46692 | CG1: 46722
A2: ipc | B2: 0.0404 | C2: 0.0357 | D2: 0.0481 | E2: 0.0408 | F2: 0.0332 | G2: 0.0317 | H2: 0.03 | I2: 0.0247 | J2: 0.0355 | K2: 0.0352 | L2: 0.0253 | M2: 0.0384 | N2: 0.0388 | O2: 0.0469 | P2: 0.0673 | Q2: 0.0605 | R2: 0.0505 | S2: 0.053 | T2: 0.0741 | U2: 0.0697 | V2: 0.0617 | W2: 0.0635 | X2: 0.0492 | Y2: 0.0512 | Z2: 0.06 | AA2: 0.066 | AB2: 0.077 | AC2: 0.084 | AD2: 0.078 | AE2: 0.06 | AF2: 0.063 | AG2: 0.124 | AH2: 0.127 | AI2: 0.083 | AJ2: 0.128 | AK2: 0.255 | AL2: 0.206 | AM2: 0.132 | AN2: 0.11 | AO2: 0.088 | AP2: 0.042 | AQ2: 0.046 | AR2: 0.04 | AS2: 0.042 | AT2: 0.035 | AU2: 0.027 | AV2: 0.024 | AW2: 0.027 | AX2: ='[1]Resumen Pautas'!B2 -> 0.0221 | AY2: ='[1]Resumen Pautas'!C2 -> 0.024 | AZ2: ='[1]Resumen Pautas'!D2 -> 0.0373 | BA2: ='[1]Resumen Pautas'!E2 -> 0.0278 | BB2: ='[1]Resumen Pautas'!F2 -> 0.015 | BC2: ='[1]Resumen Pautas'!G2 -> 0.0162 | BD2: ='[1]Resumen Pautas'!H2 -> 0.019 | BE2: ='[1]Resumen Pautas'!I2 -> 0.019 | ... BI2: ='[1]Resumen Pautas'!M2 -> 0.023 | BJ2: 0.0288 | BK2: 0.029 | BL2: 3.4 | BM2: 2.58 | BN2: 2.15 | BO2: 1.89 | BP2: 2.1 | BQ2: 1.66 | BR2: 0.017941135 | BS2: 0.017741633 | BT2: 0.016766767 | BU2: 0.018646607 | BV2: 0.016978523 | BW2: 0.016166798 | BX2: 0.01841734 | BY2: 0.016978668 | BZ2: 0.015122849 | CA2: 0.016477401 | CB2: 0.017777374 | CC2: 0.018766162 | CD2: 0.01815139 | CE2: 0.017650345 | CF2: 0.01783111 | CG2: 0.019100131
A3: dólar bna | Z3: 187 | AA3: 197.15 | AB3: 209.01 | AC3: 222.68 | AD3: 239.5 | AE3: 256.7 | AF3: 275.25 | AG3: 350 | AH3: 365.5 | AI3: 350 | AJ3: 360.5 | AK3: 808.5 | AL3: 826.25 | AM3: 842.25 | AN3: 857.4167 | AO3: 876.5 | AP3: 895.5 | AQ3: 912 | AR3: 932 | AS3: 953.5 | AT3: 970.5 | AU3: 992 | AV3: 1011.5 | AW3: 1039 | AX3: ='[1]Resumen Pautas'!B7 -> 1054 | AY3: ='[1]Resumen Pautas'!C7 -> 1065 | AZ3: ='[1]Resumen Pautas'!D7 -> 1074 | BA3: ='[1]Resumen Pautas'!E7 -> 1171 | BB3: ='[1]Resumen Pautas'!F7 -> 1188 | BC3: ='[1]Resumen Pautas'!G7 -> 1205 | BD3: ='[1]Resumen Pautas'!H7 -> 1374 | BE3: ='[1]Resumen Pautas'!I7 -> 1337 | ... BI3: ='[1]Resumen Pautas'!M7 -> 1480 | BJ3: 1475 | BK3: 1420 | BL3: 1400 | BM3: 1430 | BN3: 1450 | BO3: 1470 | BP3: 1490 | BQ3: 1510 | BR3: 1530 | BS3: 1550 | BT3: 1570 | BU3: 1600 | BV3: 1614.4444 | BW3: 1635.1111 | BX3: 1655.7778 | BY3: 1676.4444 | BZ3: 1697.1111 | CA3: 1717.7778 | CB3: 1738.4444 | CC3: 1759.1111 | CD3: 1779.7778 | CE3: 1800.4444 | CF3: 1821.1111 | CG3: 1841.7778

Sheet notes
A1: agregar dato real cuando se publica
A2: ir pisando real en pautas_py
